Top queries,Clicks,Impressions,CTR,Position
softzar,655,876,74.77%,1.29
softzar.com adobe illustrator,42,51,82.35%,1.45
adobe premiere pro 2024 free download,21,128,16.41%,11.86
premiere pro 2024 download,14,125,11.2%,11.75
adobe after effects 2025 free download,14,87,16.09%,28.02
adobe illustrator 2022 free download,14,44,31.82%,7.52
adobe illustrator 2024 free download,12,42,28.57%,12.64
after effects 2024 free download,9,75,12%,21.68
after effects 2025 crack download,9,52,17.31%,24.44
adobe premiere pro 2025 download,9,43,20.93%,32.16
edius 11 crack,9,29,31.03%,11.79
adobe premiere pro 2024 download,8,113,7.08%,23.66
premiere pro 2024 free download,8,81,9.88%,10.53
after effects 2023 free download,8,59,13.56%,22.2
adobe after effects 2024 free,8,47,17.02%,7.62
adobe after effects 2025 crack download,8,22,36.36%,24.5
adobe premiere pro 2024,7,188,3.72%,44.96
adobe premiere pro 2025 free download,7,59,11.86%,31.14
adobe illustrator 2022,7,53,13.21%,9.3
adobe illustrator 2025,7,49,14.29%,9.14
after effects 2024 download,6,47,12.77%,43.96
adobe premiere pro 2024 download free,6,33,18.18%,11.52
adobe photoshop 2023 free download,6,17,35.29%,12.41
minecraft 1.20.81.01,5,50,10%,8.94
after effects 2025 download,5,41,12.2%,29.54
photoshop 2025 free download,5,40,12.5%,42.3
after effects crack download,5,35,14.29%,45.11
adobe premiere pro 2025 free,5,33,15.15%,23.45
adobe photoshop 2021 lifetime,5,22,22.73%,6.59
after effects 2025 free download,4,69,5.8%,25.71
premiere pro 2024 download free,4,56,7.14%,10.52
premiere pro 2025 free download,4,49,8.16%,19.35
adobe after effects crack download,4,39,10.26%,50.44
adobe illustrator 2023 free download,4,33,12.12%,11.76
adobe premiere pro 2024 free,4,30,13.33%,12.87
adobe after effects 2023 free download,4,30,13.33%,22.67
adobe premiere pro 2023 free download,4,26,15.38%,13.58
adobe after effects cracked version,4,26,15.38%,41.88
photoshop 2024 download,4,25,16%,38.92
after effects 2025 free,4,20,20%,21.3
photoshop 2025,4,18,22.22%,11.72
edius 9 crack,4,15,26.67%,9.6
adobe illustrator 2022 download,4,13,30.77%,7.46
adobe after effects free download 2025,4,12,33.33%,14.33
after effects free download 2023,4,11,36.36%,15
adobe illustrator cc 2023 free download,4,9,44.44%,7.89
premiere pro 2024,3,111,2.7%,59.95
adobe after effects free download,3,69,4.35%,58.16
adobe photoshop 2025 download,3,54,5.56%,46.17
adobe premiere pro 2024 free download for windows 10 filehippo,3,40,7.5%,9.55
premiere pro 2025 download,3,31,9.68%,26.32
adobe after effects 2025 crack,3,30,10%,33.6
adobe photoshop 2025 free download,3,26,11.54%,44.42
adobe photoshop 2025,3,25,12%,31.96
adobe after effects 2024,3,23,13.04%,36.43
indesign 2025 download,3,22,13.64%,11.68
adobe after effects mod apk free download for pc,3,22,13.64%,38.59
premiere pro 2025 free download r,3,21,14.29%,5.38
after effects 2024 download free,3,21,14.29%,9.95
premiere pro 24 download,3,17,17.65%,10.06
adobe illustrator 2023 download,3,17,17.65%,11.59
adobe photoshop 2025 download for windows 11,3,16,18.75%,9.75
adobe indesign 2025 download,3,16,18.75%,9.88
adobe after effects cracked download,3,15,20%,40.2
adobe premiere pro 2023,3,14,21.43%,6.5
adobe after effects free download windows 10,3,14,21.43%,38.64
illustrator 2024 download,3,13,23.08%,24.31
after effect 2023 free download,3,12,25%,9.75
adobe_photoshop_2023_v24.2.0.315,3,11,27.27%,5.55
illustrator 2023 free download,3,11,27.27%,7.64
adobe after effects crack version,3,11,27.27%,35.64
adobe media encoder 2024 download,3,9,33.33%,19.67
adobe premiere pro 2025 download free,3,9,33.33%,19.67
after effects crack version download,3,9,33.33%,31.44
photoshop 2021 cracked,3,8,37.5%,7.88
adobe media encoder 2024 free download,3,6,50%,12.67
after effects 2025 download crack,3,6,50%,13.67
adobe acrobat pro torrent,3,6,50%,37.83
adobe after effect 2023 free download,3,5,60%,3.8
illustrator 2022 download,3,5,60%,8.2
after effects free download full version,3,5,60%,38
photoshop cc 2023 free download,3,4,75%,10.5
autocad 2025 mac download,3,3,100%,28.67
edius 11.21 free download,3,3,100%,36
realtek audio driver,2,116,1.72%,76.73
photoshop 2023 crack download,2,50,4%,14.48
photoshop 2025 download,2,42,4.76%,36.86
adobe photoshop 2024 free download,2,41,4.88%,34.24
photoshop 2024 version download,2,34,5.88%,9.71
adobe photoshop 2023 crack download,2,32,6.25%,16.91
premiere pro 2024 free,2,29,6.9%,11.97
minecraft 1.20.81.01 apk,2,20,10%,4.25
adobe illustrator 2024,2,20,10%,19
adobe after effects 2025,2,20,10%,38.85
after effects download for pc,2,17,11.76%,33.94
photoshop mac torrent,2,16,12.5%,33.56
after effects 2025 download free,2,15,13.33%,25.67
premiere pro 2024 crack,2,15,13.33%,39.27
adobe after effects crack free download,2,14,14.29%,38.57
adobe premiere pro 2025 crack,2,13,15.38%,80.46
adobe illustrator 2024 install,2,12,16.67%,7.58
adobe premiere pro 2023 download,2,12,16.67%,8.67
after effects free download 2025,2,12,16.67%,26.75
after effects 2023 torrent,2,11,18.18%,7.45
download after effects 2025,2,11,18.18%,30.27
adobe indesign 2025 free download full version,2,10,20%,7
illustrator 2025,2,10,20%,7.4
photoshop 2021 crack,2,10,20%,8.8
adobe premiere 2024 free download,2,10,20%,15.3
after effects 2023 download,2,10,20%,18.3
download after effects crack,2,10,20%,38.2
after effects cracked download,2,10,20%,48.6
adobe photoshop 2024 version free download,2,9,22.22%,7.56
illustrator free download 2022,2,9,22.22%,8.78
illustrator 2023 download,2,9,22.22%,10.67
premiere pro 2025 download free,2,9,22.22%,14.22
ae 2024 download,2,9,22.22%,14.33
adobe acrobat pre activated,2,9,22.22%,17
adobe after effects 2024 download,2,9,22.22%,26.33
after effects free download crack,2,9,22.22%,38.22
after effects crack 2025,2,9,22.22%,40.44
adobe illustrator 2024 crack,2,8,25%,24.25
illustrator cc 2022,2,7,28.57%,7.14
adobe illustrator 2025 free,2,7,28.57%,8
adobe after effects 2023 free download for windows,2,7,28.57%,8.71
indesign 2025 free,2,7,28.57%,9
illustrator 2022 free download,2,7,28.57%,9.57
after effects 2023 crack download,2,7,28.57%,19.71
adobe after effect 2025,2,7,28.57%,30
adobe lightroom classic free download,2,7,28.57%,34
adobe illustrator 2022 version download,2,6,33.33%,5.83
adobe premiere pro 2025 macos download,2,6,33.33%,7.17
after effect 2024,2,6,33.33%,12.67
media encoder 2024 download,2,6,33.33%,13.5
adobe photoshop 2022,2,6,33.33%,39.5
premiere pro crack version download,2,6,33.33%,68.83
1.20.81.01 minecraft download,2,5,40%,5.8
adobe illustrator free 2022,2,5,40%,7.4
adobe animate cc 2022,2,5,40%,8
adobe illustrator 2025 download free,2,5,40%,8
after effect 2024 getintopc,2,5,40%,9.2
premiere pro 2025 mac,2,5,40%,17
adobe photoshop mac crack,2,5,40%,22.8
after effects 2025 crack free download,2,5,40%,24.2
adobe premiere pro 2025 mac,2,5,40%,35.6
premiere pro 2025 download crack,2,5,40%,40.4
adobe illustrator 2022 download free old version,2,4,50%,6
illustrator cc 2023,2,4,50%,7.75
adobe premiere pro 2023 download free,2,4,50%,8.5
adobe photoshop 2024 crack version,2,4,50%,9
2025 after effects free download,2,4,50%,15.75
after effect 2023,2,4,50%,19.5
photoshop 2025 mac,2,4,50%,26.25
adobe photoshop 2022 download,2,4,50%,31.75
adobe illustrator 2024 free download softonic for windows 10,2,3,66.67%,6.33
edius 11 cracked,2,3,66.67%,8.67
after effects 2021 free download,2,3,66.67%,9
premiere pro 2025,2,3,66.67%,19.33
after effects cracked,2,3,66.67%,94.33
adobe illustrator 2021 download free,2,2,100%,9.5
edius crack reddit,2,2,100%,16.5
adobe acrobat pro dc 2025 lifetime license,2,2,100%,19
photoshop cc 2022 free download,2,2,100%,20
download lightroom mac crack,2,2,100%,24
after effects full version download,2,2,100%,43.5
adobe premiere 2024 crack,2,2,100%,57
after effects download,1,182,0.55%,76.12
after effects free download,1,172,0.58%,62.98
adobe after effects download,1,100,1%,70.26
after effects 2024,1,66,1.52%,24.85
vlc media player free download,1,63,1.59%,75.48
adobe photoshop 2024,1,51,1.96%,55.29
adobe after effects free download cracked,1,37,2.7%,35.65
photoshop latest version download,1,28,3.57%,59.61
adobe after effects 2025 free,1,26,3.85%,15.38
after effects mod apk,1,25,4%,60.96
softzaar,1,24,4.17%,2.33
illustrator 2022,1,24,4.17%,12.33
adobe premiere pro crack download,1,23,4.35%,56.04
photoshop 2023 download,1,22,4.55%,22.91
1.20.81.1 minecraft,1,21,4.76%,8.67
adobe crack,1,21,4.76%,79.62
lol night market,1,20,5%,14.95
adobe after effects free download for pc,1,20,5%,34.1
adobe illustrator 2023,1,19,5.26%,19.95
adobe photoshop 2024 download,1,19,5.26%,43.68
adobe illustrator cc 2022,1,18,5.56%,8.5
adobe premiere 2025 download,1,18,5.56%,17.56
adobe after effects free,1,18,5.56%,69.06
adobe after effects 2023,1,17,5.88%,17.29
adobe after effects 2024 free download,1,17,5.88%,27.88
get into pc after effects 2024,1,16,6.25%,8.5
adobe premiere pro 2025,1,16,6.25%,10.06
adobe 2023 download,1,16,6.25%,34.56
minecraft mojang version 1.20.81,1,15,6.67%,9.33
adobe premiere pro 2024 crack,1,15,6.67%,46.4
premier pro 2024 download,1,14,7.14%,13.36
photoshop 2024 free download,1,14,7.14%,45
adobe illustrator cc 2023,1,13,7.69%,7.77
after effect 2025 free download,1,13,7.69%,18.15
photoshop mac crack,1,13,7.69%,31.15
adobe premiere 2025 free download,1,12,8.33%,19.67
adobe premiere pro 2024 cracked,1,12,8.33%,29.25
adobe illustrator 2024 download,1,12,8.33%,41.58
adobe illustrator free download 2022,1,11,9.09%,7
adobe illustrator 2024 free download softonic for windows 11,1,11,9.09%,7.27
photoshop 2023 download for pc,1,11,9.09%,9.91
adobe illustrator 2023 crack,1,11,9.09%,11.82
adobe illustrator 2023 free,1,11,9.09%,12.27
adobe after effects 2025 download free,1,11,9.09%,24.91
adobe premiere pro beta free download,1,11,9.09%,73.73
premiere pro 2023 version download,1,10,10%,6.3
edius 11 crack download,1,10,10%,8.2
adobe premiere pro cc 2024,1,10,10%,16.2
photoshop crack 2023,1,10,10%,16.5
after effect 2025 download,1,10,10%,23
after effects 2025 cracked,1,10,10%,33.4
premiere pro 2023 download,1,10,10%,36.9
download adobe photoshop with crack,1,10,10%,73.6
after effects 2023 free,1,9,11.11%,8.22
adobe illustrator cc 2025,1,9,11.11%,8.89
filmora 12 download for windows 10,1,9,11.11%,9.22
download premiere pro 2024,1,9,11.11%,10.11
adobe photoshop 2021 crack,1,9,11.11%,10.56
adobe illustrator 2025 download,1,9,11.11%,15.11
after effects 2024 free download reddit,1,9,11.11%,16.56
adobe photoshop 2024 free download for windows 11,1,9,11.11%,51.78
journey mediavine,1,9,11.11%,72.44
after effects 2023 download link,1,8,12.5%,8.25
after effects 24 download,1,8,12.5%,8.75
after effects 2023 download free,1,8,12.5%,9.12
premiere pro download 2024,1,8,12.5%,9.12
minecraft 1.20.81,1,8,12.5%,10.5
adobe premiere pro free 2024,1,8,12.5%,11.25
adobe illustrator 2024 free,1,8,12.5%,13.88
adobe acrobat pro preactivated,1,8,12.5%,20.38
adobe media encoder 2024,1,8,12.5%,30.38
after effects download pc,1,8,12.5%,32.38
photoshop 2024 crack,1,8,12.5%,32.62
adobe photoshop mac torrent,1,8,12.5%,41.88
premiere pro 2025 crack download,1,8,12.5%,45.75
premiere pro 2023 free download,1,7,14.29%,9
premiere pro cc 2024,1,7,14.29%,11.86
adobe illustrator 2021 download,1,7,14.29%,22.29
adobe after effects crack version download,1,7,14.29%,34.43
photoshop download 2025,1,7,14.29%,43.29
after effects cracked version,1,7,14.29%,46.71
adobe photoshop crack free download,1,7,14.29%,77.86
adobe premier pro 2024 free download,1,6,16.67%,8.83
adobe after effects 2023 free,1,6,16.67%,9.33
illustrator 2024,1,6,16.67%,10.17
adobe photoshop 2023 torrent,1,6,16.67%,16.33
after effect 2023 download,1,6,16.67%,16.67
after effects 2025 pre activated free download,1,6,16.67%,16.67
adobe after effects 2024 getintopc,1,6,16.67%,19.17
get into pc adobe premiere pro 2024,1,6,16.67%,19.5
generatepress premium free download,1,6,16.67%,19.83
after effects free download 2024,1,6,16.67%,22.5
adobe after effect 2025 free download,1,6,16.67%,22.83
after effects download for pc free,1,6,16.67%,30
photoshop for mac free download,1,6,16.67%,43.17
adobe photoshop 2025 free download for windows 11,1,6,16.67%,52
premiere pro free download full version,1,6,16.67%,52.33
adobe acrobat torrent,1,6,16.67%,58.33
photoshop 2025 torrent,1,6,16.67%,66
adobe after effects offline installer,1,6,16.67%,79.5
adobe indesign cc 2025 free download,1,5,20%,4.4
adobe illustrator cc 2023 download,1,5,20%,6
minecraft pe 1.20.81.01,1,5,20%,6.8
adobe premiere pro 2024 crack version,1,5,20%,7
adobe after effect 2023 free,1,5,20%,8.2
after effects cracked version for laptop,1,5,20%,9.4
after effects free crack download,1,5,20%,9.8
adobe photoshop cc 2023 free download,1,5,20%,10.4
adobe after effects cracked version windows,1,5,20%,10.6
after effects cs6 free download,1,5,20%,13.8
photoshop crack macos,1,5,20%,14.8
minecraft 1.20.81 apk,1,5,20%,17.2
photoshop 2023 download free,1,5,20%,19.8
after effect 2025 crack download,1,5,20%,26.2
adobe photoshop 2025 free download for pc,1,5,20%,27.2
after effects mod pc,1,5,20%,31
adobe after effects 2025 cracked,1,5,20%,31.8
after effects crack version,1,5,20%,38.2
adobe after effects software free download,1,5,20%,41.6
after effects free mac,1,5,20%,70.6
premiere pro download free,1,5,20%,86
adobe illustrator 24,1,4,25%,4.5
adobe illustrator cc 2022 free download,1,4,25%,7
minecraft v1.20.81.01,1,4,25%,7.25
adobe illustrator download 2023,1,4,25%,7.75
wondershare filmora 12 crack,1,4,25%,8.75
download indesign 2025,1,4,25%,9
illustrator 2023 free,1,4,25%,9.75
photoshop for macbook torrent,1,4,25%,11
premiere pro 2023 version,1,4,25%,11
adobe after effects 2023 pre activated,1,4,25%,11.5
adobe premiere pro 23 download,1,4,25%,12.25
filmora 12 torrent,1,4,25%,16
adobe premiere pro 2025 crack version download,1,4,25%,17.5
minecraft apk 1.20 download,1,4,25%,17.75
adobe illustrator 2021 free download,1,4,25%,19.75
adobe photoshop 2025 mac download,1,4,25%,19.75
illustrator 2025 download,1,4,25%,23
adobe illustrator 2022 portable,1,4,25%,23.25
adobe photoshop crack macos,1,4,25%,25.75
photoshop 2024 crack download,1,4,25%,26.5
adobe acrobat pro 2025 download,1,4,25%,27.5
premiere pro free download lifetime,1,4,25%,28
adobe after effects 2025 cracked download,1,4,25%,30.75
after effects cracked version free download,1,4,25%,31.5
adobe after effects download free full version,1,4,25%,33.5
adobe photoshop crack for mac,1,4,25%,33.5
adobe photoshop cc 2024 free download,1,4,25%,35.5
adobe premiere pro lifetime free download,1,4,25%,37.5
adobe premiere pro crack version download,1,4,25%,39
adobe premiere pro download free,1,4,25%,52.5
adobe after effect crack,1,4,25%,68.5
adobe 2025 crack,1,4,25%,75.25
after effect 2024 free,1,3,33.33%,5.67
ps 2025,1,3,33.33%,6.33
download after effect 2023,1,3,33.33%,7.33
free download adobe illustrator 2024,1,3,33.33%,7.33
adobe photoshop 2024 free,1,3,33.33%,8
filmora 12 free download,1,3,33.33%,8
minecraft 1.20.81.1,1,3,33.33%,8
after effect 2024 free download,1,3,33.33%,8.33
photoshop 2025 mac crack,1,3,33.33%,8.33
ae 2024 free download,1,3,33.33%,8.67
illustrator 2025 free,1,3,33.33%,8.67
minecraft apk 1.20.81.01,1,3,33.33%,10.67
adobe after effect 2023,1,3,33.33%,11.33
photoshop 2024 download crack,1,3,33.33%,13
adobe photoshop 2023 download apk,1,3,33.33%,13.67
adobe after effects 2023 cracked,1,3,33.33%,14
premiere pro torrent,1,3,33.33%,15.67
after effects mod apk 2025,1,3,33.33%,16.33
photoshop 2025 download for windows,1,3,33.33%,16.67
media encoder 2024 free download,1,3,33.33%,17
generatepress premium download,1,3,33.33%,17.33
adobe photoshop 2025 for mac,1,3,33.33%,18
photoshop 2025 for mac,1,3,33.33%,18.33
premiere pro 2023 free,1,3,33.33%,18.67
adobe acrobat crack 2025,1,3,33.33%,19.67
adobe premiere pro 2025 mac download,1,3,33.33%,20.67
astra pro latest version,1,3,33.33%,21.67
download adobe after effects 2025 free,1,3,33.33%,23.33
photoshop cracked for mac,1,3,33.33%,23.67
adobe premiere pro free download 2025,1,3,33.33%,25.33
adobe premiere pro 2025 crack version,1,3,33.33%,25.67
adobe premiere pro 2020 free download,1,3,33.33%,27
adobe after effects 2025 crack version,1,3,33.33%,28
photoshop download free 2025,1,3,33.33%,30.33
photoshop 2025 free download for windows 11,1,3,33.33%,33.67
download after effects 2025 free,1,3,33.33%,34.67
download photoshop for mac free,1,3,33.33%,35.33
photoshop 2025 cracked,1,3,33.33%,43.33
lightroom download mac free,1,3,33.33%,48.33
photoshop crack 2025,1,3,33.33%,56.33
car for sale pc,1,3,33.33%,58
after effects cracked version download,1,3,33.33%,59.67
photoshop cs6 free download,1,3,33.33%,63.33
adobe illustrator free download for windows 11,1,3,33.33%,91
illustrator 2025 crack mac,1,2,50%,4
photoshop 2021 crack version,1,2,50%,5
acrobat pro 2025 torrent,1,2,50%,6.5
adobe animate 2025 download,1,2,50%,6.5
after effects 23 free download,1,2,50%,7
adobe photoshop 2022 crack download,1,2,50%,7.5
adobe premiere pro 2025 version,1,2,50%,7.5
adobe illustrator 2023 download free,1,2,50%,8
ae 2025 download,1,2,50%,8
download adobe photoshop crack for mac,1,2,50%,8
adobe after effect 2023 download,1,2,50%,8.5
adobe illustrator 2025 install,1,2,50%,8.5
after effects 2025 crack version download,1,2,50%,8.5
download photoshop 2023 crack,1,2,50%,8.5
indesign mod apk,1,2,50%,8.5
photoshop 2024 crack free download,1,2,50%,8.5
illustrator 2023 download free,1,2,50%,9
softgozar,1,2,50%,9
adobe photoshop 2025 download for mac,1,2,50%,9.5
photoshop cc 2025 crack download,1,2,50%,10.5
adobe illustrator cc 2024,1,2,50%,11
adobe photoshop 2025 crack mac,1,2,50%,11.5
adobe premiere pro 2023 download windows,1,2,50%,12
after effects free download crack version,1,2,50%,12
photoshop 2023 cracked download,1,2,50%,13
photoshop crack download mac,1,2,50%,13.5
get into pc premiere pro 2024,1,2,50%,14.5
after effects 2025 free download pc,1,2,50%,15.5
cracked adobe photoshop for mac,1,2,50%,15.5
premiere pro 2025 free download for laptop,1,2,50%,15.5
adobe photoshop 2025 mac,1,2,50%,18
edius software download free,1,2,50%,18
adobe after effects pre activated,1,2,50%,18.5
premiere pro 2024 cracked,1,2,50%,20
adobe photoshop mac cracked,1,2,50%,20.5
premiere pro 2024 getintopc,1,2,50%,21
adobe premiere crack download,1,2,50%,21.5
after effects cc 2023,1,2,50%,21.5
adobe premiere pro crack 2024,1,2,50%,22
adobe premiere pro mod apk for windows,1,2,50%,22
adobe after effects mod for pc,1,2,50%,25
premiere pro 2025 cracked,1,2,50%,26
ae apk pc,1,2,50%,27.5
adobe after effects download free for pc,1,2,50%,31
adobe lightroom classic latest version download,1,2,50%,32.5
adobe lightroom crack for mac,1,2,50%,34
adobe photoshop 2024 full,1,2,50%,34
photoshop free download for macbook air,1,2,50%,34
adobe photoshop 2021 download crack,1,2,50%,35
after effect crack version,1,2,50%,37.5
adobe premiere pro 2021,1,2,50%,38.5
adobe photoshop free for mac,1,2,50%,39.5
adobe photoshop download free mac,1,2,50%,43
car for sale free download pc,1,2,50%,43
adobe premiere pro zip,1,2,50%,45
free photoshop for mac download,1,2,50%,45
free adobe photoshop 2025,1,2,50%,45.5
adobe illustrator 2024 crack download,1,2,50%,46
after effects 2024 crack free download,1,2,50%,48.5
adobe photoshop cc 2025 free,1,2,50%,51
premiere pro for mac free download,1,2,50%,52.5
adobe premiere pro 2025 crack free download,1,2,50%,53
adobe after effects full version free download,1,2,50%,54.5
adobe photoshop download free for mac,1,2,50%,55
car for sale simulator 2023 download,1,2,50%,73.5
edius x crack download,1,2,50%,75
adobe lightroom mac torrent,1,2,50%,89.5
adobe photoshop cc 2021 crack,1,1,100%,2
1.20.81.01 minecraft apk,1,1,100%,3
premier 2023 torrent,1,1,100%,4
adobe 2023 free download,1,1,100%,5
adobe illustrator 2025 full version,1,1,100%,5
logic pro 11.0 1 download free,1,1,100%,5
adobe photoshop 2023 crack free download,1,1,100%,6
download adobe illustrator 2024 free,1,1,100%,6
adobe photoshop 2025 download for windows,1,1,100%,7
adobe premiere pro 23 free download,1,1,100%,7
after effect 2023 torrent,1,1,100%,7
adobe bridge 2025 free download,1,1,100%,8
edius crack version download,1,1,100%,8
sites de torrent,1,1,100%,8
after effect cracked version,1,1,100%,9
after effects 2025 mac free,1,1,100%,9
free download photoshop 2023,1,1,100%,9
photoshop 2025 windows 10,1,1,100%,9
adobe illustrator 2021 crack download,1,1,100%,10
adobe photoshop 2023 free download for windows 11,1,1,100%,10
adobe premiere pro beta 2025,1,1,100%,10
after effects crack file,1,1,100%,10
photoshop 2022 download free,1,1,100%,10
premiere pro 2021 free download,1,1,100%,10
premiere pro crack version 2025,1,1,100%,10
adobe 2025 torrent,1,1,100%,11
adobe premiere pro 2023 cracked,1,1,100%,11
windows 7 download 2025,1,1,100%,11
adobe after effects crack for windows,1,1,100%,12
adobe premiere pro 2025 full version download,1,1,100%,12
download photoshop 2021 crack,1,1,100%,12
adobe photoshop mac os crack,1,1,100%,14
photoshop 2021 crack free download,1,1,100%,14
download adobe animate 2025,1,1,100%,15
download adobe photoshop cc 2023,1,1,100%,15
illustrator portable 2022,1,1,100%,15
adobe media encoder 2024 free download reddit,1,1,100%,16
adobe photoshop 2023 free download reddit for windows 11,1,1,100%,16
generatepress premium latest version,1,1,100%,16
generatepress premium nulled,1,1,100%,17
adobe photoshop 2021 download,1,1,100%,18
photoshop 2023 free download reddit for windows 10,1,1,100%,18
adobe illustrator 2021 version,1,1,100%,19
lightroom 2025 crack,1,1,100%,19
photoshop mac ativado,1,1,100%,19
premiere pro crack file,1,1,100%,19
premiere pro 2024 full crack,1,1,100%,20
adobe photoshop 2021 download for windows 11,1,1,100%,21
adobe premiere pro 2025 for macos,1,1,100%,21
elementor pro free,1,1,100%,21
windows 7 pre activated,1,1,100%,21
adobe premiere 2025 crack,1,1,100%,22
adobe acrobat pro dc crack download,1,1,100%,24
adobe acrobat pro dc torrent,1,1,100%,24
adobe animate download crack,1,1,100%,24
download photoshop 2022 free,1,1,100%,24
adobe acrobat pro dc pre activated,1,1,100%,25
edius x lifetime crack,1,1,100%,25
illustrator 2021,1,1,100%,25
illustrator 2025 mac torrent,1,1,100%,25
adobe illustrator 2020 download google drive,1,1,100%,27
premiere pro 2025 for mac,1,1,100%,27
adobe indesign download & free,1,1,100%,28
adobe photoshop 23 download,1,1,100%,29
free download lightroom classic,1,1,100%,29
premiere pro 2024 indir,1,1,100%,32
acrobat pro dc download free,1,1,100%,33
journey by mediavine earnings,1,1,100%,33
adobe premiere pro full download,1,1,100%,34
adobe premier pro torrent,1,1,100%,35
mac photoshop free download,1,1,100%,38
car for sale simulator pc free download,1,1,100%,40
after effects pre activated,1,1,100%,41
adobe acrobat pro crack download,1,1,100%,43
premiere pro cracked download,1,1,100%,52
adobe acrobat 2025 pro download,1,1,100%,59
after effects download crack version,1,1,100%,60
windows 7 iso download 2025,1,1,100%,65
adobe acrobat pro activated download,1,1,100%,67
adobe premiere pro apk download for free,1,1,100%,67
adobe 2026 free download,1,1,100%,75
adobe premiere pro 2025 cracked version,1,1,100%,92
adobe after effects cracked version download,1,1,100%,93
adobe photoshop mac скачать,1,1,100%,94
adobe animate cc crack,1,1,100%,102
adobe indesign cracked version,1,1,100%,119
adobe after effects 2026,1,1,100%,120
adobe photoshop 2024 preactivated,1,1,100%,154
photoshop beta download,0,291,0%,81.31
adobe premiere pro 2024 full version download size gb,0,184,0%,9.9
94fbr photoshop,0,182,0%,70.7
"""grow widget"" elementor",0,180,0%,7.79
photoshop download,0,142,0%,69.2
download photoshop,0,134,0%,65.81
adobe photoshop beta free download,0,127,0%,73.17
photoshop new version 2024,0,122,0%,72.32
photoshop beta free download,0,116,0%,79.38
photoshop cc 2024,0,109,0%,70.95
download photoshop beta,0,108,0%,80.61
topaz video ai 5.3.2,0,85,0%,22.28
adobe firefly torrent,0,79,0%,48
adobe photoshop free download for windows 11,0,79,0%,70.01
realtek audio drivers,0,71,0%,75.77
photoshop download free,0,69,0%,73.28
adobe photoshop download,0,64,0%,73.16
firefly ai support for adobe photoshop download,0,60,0%,27.65
after effects software free download,0,58,0%,42.14
adobe photoshop crack download,0,58,0%,71.9
adobe photoshop free download,0,58,0%,73.29
after effects software download,0,54,0%,56.59
download adobe photoshop,0,53,0%,62.11
adobe photoshop torrent,0,52,0%,51.98
photoshop for mac,0,52,0%,65.63
photoshop free download,0,52,0%,70.46
topaz video ai 5.3.1,0,50,0%,56.92
download photoshop free,0,50,0%,59.82
realtek high definition audio driver,0,50,0%,80.86
adobe illustrator crack 2022 download,0,45,0%,17.69
after effects download free,0,44,0%,65.18
vlc free download,0,44,0%,68.27
adobe lightroom cracked dmg mac,0,42,0%,24.12
photoshop download mac,0,42,0%,56.55
firefly ai support for adobe photoshop free,0,42,0%,60.62
adobe photoshop for mac,0,42,0%,62.14
lightroom mac crack latest,0,40,0%,22.7
adobe firefly ai photoshop download,0,40,0%,53.08
photoshop crack download,0,40,0%,68.65
photoshop crack apk 2023 for pc,0,39,0%,15.18
adobe lightroom classic crack mac,0,39,0%,26.03
vlc player free download,0,39,0%,67.85
vlc media player download,0,38,0%,79.82
adobe illustrator crackeado 2023,0,37,0%,11.51
photoshop cc 2023 crack,0,36,0%,11.31
download after effects 2023,0,36,0%,31.47
firefly ai support for adobe photoshop 2023,0,36,0%,79.31
firefly ai support for adobe photoshop 2021,0,36,0%,86.56
download illustrator 2021 crack free for windows 10,0,35,0%,10.54
adobe ai firefly photoshop download,0,35,0%,54.37
download photoshop crack,0,35,0%,68.94
photoshop installer,0,35,0%,75.2
photoshop cc 2023 crack download free,0,34,0%,9.32
adobe illustrator 2022 crack,0,34,0%,18.5
adobe photoshop 2023 cracked,0,34,0%,18.94
realtek drivers,0,34,0%,76.65
photoshop cc 2023 crack file last version for windows 10,0,32,0%,12.22
adobe photoshop monterey torrent,0,32,0%,16.47
adobe photoshop ai firefly download,0,32,0%,44.59
vlc software download,0,32,0%,62.12
free adobe update,0,32,0%,77.69
photoshop beta 2023 crack download free for windows 10,0,30,0%,11.23
lightroom 12 mac crack,0,30,0%,24.17
adobe photoshop 2023,0,30,0%,45.3
download after effects free,0,30,0%,73.6
photoshop crack version 2023 download apk,0,29,0%,10.14
adobe photoshop cc 2023 crack download,0,29,0%,14.9
photoshop cc 2023 cracked,0,28,0%,12.57
photoshop 2023 plus crack torrent demonoid,0,28,0%,13.68
adobe photoshop download torrent free mac,0,28,0%,26.93
lightroom classic crack mac,0,28,0%,27.25
journey by mediavine,0,28,0%,74.86
download illustrator 2023,0,27,0%,25.59
download adobe after effects crack,0,27,0%,35
lightroom classic download,0,27,0%,49.44
free photoshop download,0,27,0%,58.63
after effect free download,0,27,0%,63.78
download after effects,0,27,0%,68.19
download photoshop with crack,0,27,0%,81.67
adobe photoshop beta ai free download,0,27,0%,87.67
lightroom classic download for pc,0,26,0%,42.23
adobe illustrator 2021 cc crack,0,25,0%,10.84
adobe illustrator cc 2022 crack,0,25,0%,14.08
illustrator 2022 crackeado,0,25,0%,15.04
adobe illustrator 2022 crack file free download,0,25,0%,16.92
adobe photoshop latest version free download,0,25,0%,58.6
adobe photoshop free download for windows 11 full version with key,0,25,0%,63.12
photoshop 2024,0,25,0%,63.56
site:softzar.com,0,24,0%,1
lightroom classic mac crack,0,24,0%,28.04
photoshop torrent,0,24,0%,43.38
realtek semiconductor audio driver,0,24,0%,46.54
software vlc media player free download,0,24,0%,52.17
vlc download for pc,0,24,0%,81.17
filecr after effects 2024,0,23,0%,10.09
adobe illustrator 2022 download crack,0,23,0%,19.87
vlc player software download,0,23,0%,56.96
download adobe after effects,0,23,0%,68.3
adobe photoshop download free,0,23,0%,70.61
photoshop beta ai free download,0,23,0%,87.96
descargar adobe illustrator 2022 crack,0,22,0%,13.5
download crack photoshop 2023,0,22,0%,21.36
after effects 2023,0,22,0%,24.05
adobe after effects 2025 download,0,22,0%,37.05
vlc software free download,0,22,0%,51.14
adobe after effects download free,0,22,0%,62.45
download photoshop for mac,0,22,0%,77.59
adobe photoshop crack,0,22,0%,79.18
adobe illustrator 2022 no login crack,0,21,0%,14.86
adobe firefly crack download,0,21,0%,51.9
photoshop free download for windows 10,0,21,0%,67.38
realtek high definition audio drivers,0,21,0%,73.76
night market lol,0,20,0%,14.15
download adobe illustrator 2022 cracked,0,20,0%,16.4
photoshop mas crack mac,0,20,0%,23.85
filmora 12 download,0,20,0%,23.95
lightroom cracked mac download,0,20,0%,26.4
torrent photoshop for mac,0,20,0%,29.15
download lightroom for mac cracked,0,20,0%,29.7
hamster kombat daily cipher code july 10,0,20,0%,73.2
photoshop torrent mac,0,19,0%,21.16
download indesign crack,0,19,0%,30.63
after effects 2025 crack,0,19,0%,48.74
vlc download free download,0,19,0%,59.37
adobe after effects latest version,0,19,0%,68.79
vlc for pc download,0,19,0%,81
"""grow widget"" elementor setup",0,18,0%,3.83
adobe after effects 2024 download for pc,0,18,0%,8.39
adobe illustrator crack 2022,0,18,0%,21.33
lightroom classic crack m1,0,18,0%,24.11
mac photoshop software download with crack,0,18,0%,27.5
adobe indesign download,0,18,0%,42.83
ae download for pc,0,18,0%,45.83
after effect software download,0,18,0%,58.72
adobe after effects crack,0,18,0%,69.44
vlc media player software download,0,18,0%,74.67
adobe photoshop 2023 crack software,0,17,0%,15.59
adobe illustrator 2022 para pc crack,0,17,0%,20
adobe indesign free download,0,17,0%,33.71
adobe illustrator free download crack,0,17,0%,33.88
adobe lightroom mac crack,0,17,0%,35.41
adobe premiere pro 2025 crack download,0,17,0%,42.65
adobe cc download,0,17,0%,52
download adobe photoshop latest version,0,17,0%,52.82
after effects latest version,0,17,0%,67
vlc media player mac,0,17,0%,70.65
photoshop free download for windows 11,0,17,0%,83.35
minecraft 1.20.81.01 download,0,16,0%,6.25
download minecraft 1.20.81.01,0,16,0%,8.62
encoder 2024 free download,0,16,0%,14.25
adobe premiere pro 2023 full pirate,0,16,0%,15.69
photoshop 2023 colorize crack download free,0,16,0%,16.56
photoshop beta free download crack mac,0,16,0%,27.19
adobe lightroom classic 10.1 mac torrent,0,16,0%,27.94
adobe illustrator download full,0,16,0%,34.88
photoshop 2023,0,16,0%,40.19
after effects crack free download,0,16,0%,44.38
photoshop 2025 free,0,16,0%,47
adobe photoshop 2026,0,16,0%,59.5
after effect download free,0,16,0%,72.19
realtek high definition audio,0,16,0%,76.44
photoshop ai download,0,16,0%,76.5
vlc download mac,0,16,0%,77.5
weighted gpa calculator,0,16,0%,86.38
adobe premiere 2024,0,16,0%,90.19
photoshop 2025 download for windows 11,0,15,0%,15.07
adobe premiere pro download 2024,0,15,0%,21.4
lightroom cc crack macos,0,15,0%,25.93
mac torrents lightroom,0,15,0%,27.13
mac adobe lightroom classic crack,0,15,0%,32.87
after effects free download for pc,0,15,0%,33.67
adobe premiere pro crack apk download pc,0,15,0%,37.8
adobe illustrator free download,0,15,0%,56.27
free download photoshop,0,15,0%,56.8
after effects download for laptop,0,15,0%,57.93
download photoshop 2025,0,15,0%,59.33
vlc player mac,0,15,0%,74.07
high definition audio driver,0,15,0%,76.47
adobe cc crack,0,15,0%,85.2
adobe premiere pro free download for windows 7 filehippo,0,15,0%,87.07
premier pro 2024 free download,0,14,0%,8.93
adobe after effects cs6 windows 7 64 bits free baixa arquivo,0,14,0%,12.36
adobe after effects 2025 free download full version,0,14,0%,21.64
adobe illustrator 2022 crack safe,0,14,0%,22.57
adobe premiere pro 2022 free download crack full version,0,14,0%,26.57
adobe photoshop pirate download,0,14,0%,27.14
download lightroom full crack mac,0,14,0%,31.71
photoshop 2024 free,0,14,0%,34.36
adobe photoshop free download for windows 10,0,14,0%,66.5
photoshop mac,0,14,0%,69.36
adobe premiere pro rar,0,14,0%,71.86
free download adobe photoshop,0,14,0%,72.29
realtek driver,0,14,0%,75
photoshop app download,0,14,0%,78.07
premiere pro download,0,14,0%,80.93
adobe firefly how to download,0,14,0%,81.36
after effects cracked 2023,0,13,0%,8.15
illustrator 2023 crack,0,13,0%,15.31
torrent photoshop 2023 free,0,13,0%,20.62
illustrator portable app 2022,0,13,0%,21.38
adobe cc 2023 full version crack,0,13,0%,23.85
free adobe illustrator crack version,0,13,0%,30.23
adobe lightroom classic for mac cracked,0,13,0%,31.69
photoshop crack mac,0,13,0%,37.54
photoshop free download mac,0,13,0%,46.77
elementor pro free download,0,13,0%,50.46
adobe ae download,0,13,0%,67.54
adobe photoshop free download full version,0,13,0%,68.31
adobe cc torrent,0,13,0%,71.38
adobe 2026,0,13,0%,78.54
adobe premiere pro 2025 download for windows 11,0,12,0%,8
lightroom classic 2022 crack file,0,12,0%,10.33
full latest version photoshop cc 2023 crack file for windows 10,0,12,0%,12.25
download adobe premiere pro 2024,0,12,0%,17.08
how to get after effects for free windows 2024,0,12,0%,17.17
adobe illustrator 2022 cracked,0,12,0%,20.25
adobe photoshop 2023 crack,0,12,0%,22.25
photoshop for mac torrent,0,12,0%,24.33
premiere pro 2025 free,0,12,0%,25.75
adobe cc 2023 cracked,0,12,0%,26
how to torrent photoshop[,0,12,0%,26.42
download adobe photoshop torrent,0,12,0%,32.25
illustrator free download,0,12,0%,50.83
after effects download for free,0,12,0%,50.92
lightroom classic download mac,0,12,0%,53.75
download after effects for free,0,12,0%,59.75
download adobe after effects free,0,12,0%,69.17
adobe after effects apk,0,12,0%,74.25
adobe premiere torrent,0,12,0%,77.92
high school gpa calculator,0,12,0%,81.25
after effects cc download,0,12,0%,81.58
after effects download apk,0,12,0%,90.33
1.20.81.01,0,11,0%,8.55
premier pro 2024,0,11,0%,13.18
adobe illustrator cc 2023 portable,0,11,0%,16.64
adobe premiere pro 24 download,0,11,0%,17.18
adobe after effects cs6 portable download,0,11,0%,19.55
adobe premiere 2024 download,0,11,0%,24.91
photoshop free crack mac m1,0,11,0%,26.09
firefly ai support for adobe photoshop,0,11,0%,27.45
torrent photoshop,0,11,0%,33.09
photoshop torrents,0,11,0%,34.27
adobe premiere pro 2025 cracked,0,11,0%,43.64
photoshop mac free,0,11,0%,50.91
vlc player software free download,0,11,0%,54.73
how to change valorant voice language,0,11,0%,57.45
after effect download,0,11,0%,57.91
adobe cc free download,0,11,0%,58.36
lightroom download macbook,0,11,0%,59.64
premiere pro 2025 crack,0,11,0%,64.64
adobe photoshop mac,0,11,0%,73
download photoshop ai free,0,11,0%,74.45
adobe photoshop download crack,0,11,0%,74.64
mediavine journey,0,11,0%,74.91
how to download after effects for free,0,11,0%,75.82
realtek high audio driver,0,11,0%,76.64
iphone 17 pro review,0,11,0%,78
ai photoshop download,0,11,0%,82.73
minecraft download 1.20.81.01,0,10,0%,6
adobe premiere pro 2025 latest version,0,10,0%,9.5
getintopc after effects 2024,0,10,0%,11.8
photoshop 23 download,0,10,0%,12.1
elementor pro crack,0,10,0%,13.1
premiere pro 2024 version,0,10,0%,13.4
after effects 2024 getintopc,0,10,0%,13.7
adobe lightroom crack 2022,0,10,0%,14
illustrator 2022 with crack,0,10,0%,16.6
illustrator cc 2023 portable,0,10,0%,18.6
after effects 2025 cracked download,0,10,0%,19.4
adobe premiere pro free crack download for windows 11,0,10,0%,19.7
photoshop 2023 crack,0,10,0%,20.1
night market league of legends,0,10,0%,23.1
how to get after effects for free windows 2024 free,0,10,0%,23.7
after effects download 2025,0,10,0%,24.6
how to update cracked photoshop,0,10,0%,28.5
league night market,0,10,0%,31.1
after effects 2025,0,10,0%,34.2
download photoshop 2022,0,10,0%,36.7
adobe after effects free download crack,0,10,0%,38.8
adobe premiere pro 2024 crack download,0,10,0%,39.8
indesign download,0,10,0%,41.8
adobe illustrator torrent,0,10,0%,45.2
adobe after effects free download full version,0,10,0%,47
download adobe photoshop crack,0,10,0%,60.5
vlc free download for pc,0,10,0%,60.9
vlc player download mac,0,10,0%,63.7
adobe photoshop 2025 crack download,0,10,0%,63.9
vlc media player free download for pc,0,10,0%,65.9
premiere pro free download,0,10,0%,67
photoshop beta free download without creative cloud,0,10,0%,68.9
audio driver,0,10,0%,71.5
download photoshop ai,0,10,0%,73.8
vlc media download,0,10,0%,73.9
photoshop beta ai download,0,10,0%,79
realtek hd audio driver,0,10,0%,81.4
adobe photoshop cc crack,0,10,0%,82.7
realtek audio driver download,0,10,0%,84.4
photoshop ai software free download,0,10,0%,87.1
"""grow widget"" ""elementor""",0,9,0%,4.78
_getintopc.com_adobe_photoshop_2023_v24.2.0.315,0,9,0%,5.22
after effects 24.0 download,0,9,0%,7.56
crack adobe photoshop 2023,0,9,0%,18.22
#aftereffectsdownload,0,9,0%,18.56
crack full photoshop 2023,0,9,0%,19
after effects 25 download,0,9,0%,19.11
how to crack illustrator 2022,0,9,0%,21.11
adobe after effects 2023 download,0,9,0%,23.22
mac lightroom classic 12.0 crack,0,9,0%,23.22
premiere pro 2024 torrent,0,9,0%,23.56
illustrator portable 2022 mediafire,0,9,0%,24.33
after effects windows 10 crack,0,9,0%,24.67
adobe lightroom 2022 cracked,0,9,0%,25.44
photoshop download cracked mac os 2024,0,9,0%,25.44
after effects 2025 crack version,0,9,0%,27.56
adobe premiere pro 2022 free download full version with crack,0,9,0%,28.11
league of legends night market,0,9,0%,28.56
after effects free download pc,0,9,0%,30.67
adobe premiere pro 2024 torrent,0,9,0%,31.33
after effects cs6 download,0,9,0%,32.78
adobe premiere pro mod apk for pc,0,9,0%,42.22
photoshop 2025 download free,0,9,0%,43.33
free after effects download,0,9,0%,49.56
adobe illustrator download,0,9,0%,50.67
indesign free download,0,9,0%,51
adobe acrobat pro dc download free,0,9,0%,54.89
after effects download gratis,0,9,0%,66
preactivated software download,0,9,0%,69.22
adobe photoshop 2025 crack,0,9,0%,69.56
photoshop 94fbr,0,9,0%,72.11
adobe suite free download,0,9,0%,77.44
sound driver,0,9,0%,80.33
adobe premiere pro 2026 free download,0,9,0%,80.56
realtek high def audio driver,0,9,0%,81.22
adobe software free download,0,9,0%,82.33
download photoshop cc crack,0,9,0%,85.89
photoshop cracked download,0,9,0%,87.33
adobe photoshop reviews,0,9,0%,91.67
after effects 25.3.1,0,9,0%,94.56
adobe premiere pro cc 2023,0,8,0%,5.88
"""grow widget"" elementor wordpress",0,8,0%,6.38
crack photoshop 2021,0,8,0%,13.75
adobe acrobat pro dc 2025 crack,0,8,0%,14.5
adobe premiere pro download 2025,0,8,0%,15.62
photoshop cc2022 crack,0,8,0%,16
photoshop torrent for mac,0,8,0%,20.38
adobe lightroom 2022 crack,0,8,0%,20.62
after effect 2025,0,8,0%,21.62
download crack for adobe cc 2022 for free,0,8,0%,23.25
download after effect 2025,0,8,0%,25.5
adobe premiere pro crack download full,0,8,0%,25.88
adobe illustrator free crack download,0,8,0%,28.12
adobe acrobat pro 2024 v24.2.20895 portable,0,8,0%,28.88
after effects 2023 crack,0,8,0%,31.75
after effects latest version free download,0,8,0%,32.12
download lightroom free crack mac,0,8,0%,34.5
adobe premiere pro latest version 2024,0,8,0%,36
generatepress premium,0,8,0%,38.38
adobe after effects for free download,0,8,0%,39.12
adobe after effects 2024 crack,0,8,0%,43.38
adobe photoshop free mac,0,8,0%,43.75
adobe after effects free download uptodown,0,8,0%,46.38
photoshop 2026,0,8,0%,51
vlc media player software free download,0,8,0%,53.5
adobe after effects download crack,0,8,0%,54.5
photoshop for mac free,0,8,0%,59.38
adobe photoshop free download for pc,0,8,0%,63.5
adobe premiere pro free download for windows 11,0,8,0%,67
free download vlc media player,0,8,0%,70.12
adobe torrent,0,8,0%,70.38
adobe photoshop cc 2024,0,8,0%,76.25
download adobe photoshop full,0,8,0%,77.25
realtek sound driver download,0,8,0%,83.88
photoshop ai free download,0,8,0%,85.38
adobe photoshop cc 21 crack,0,7,0%,7.14
adobe iillustrator crack 2022 download,0,7,0%,7.57
minecraft 1.20.80.01,0,7,0%,8.14
adobe illustrator download 2022,0,7,0%,8.57
after effects download size,0,7,0%,11.29
adobe premiere pro download 2023,0,7,0%,11.57
adobe illustrator 2022 crack kurulumu,0,7,0%,15
adobe after effects mod apk free download for pc windows 10,0,7,0%,19.57
adobe after effects 2025 torrent,0,7,0%,25.43
adobe after effects free download for windows 10,0,7,0%,26.14
photoshop 2024 with generative fill free download,0,7,0%,26.57
lightroom cracked for mac m1,0,7,0%,26.86
download free crack adobe after effect,0,7,0%,31.71
after effect 2025 crack,0,7,0%,35
after effects 2025 pre activated,0,7,0%,35
adobe pdf editor torrent,0,7,0%,35.71
adobe premiere pro torrent download,0,7,0%,36.29
adobe photoshop 2024 crack,0,7,0%,36.71
filmora 12,0,7,0%,37.29
adobe photoshop 2023 .torrent,0,7,0%,37.57
adobe premiere pro 2024 pre activated,0,7,0%,37.71
wondershare filmora 12,0,7,0%,40.29
adobe after effects torrent,0,7,0%,41.29
after effects free download mac,0,7,0%,43.14
adobe photoshop cs6 free download,0,7,0%,51
vlc download for free,0,7,0%,56.14
after effects free,0,7,0%,59
after effects for free download,0,7,0%,62.86
vlc player for pc free download,0,7,0%,66
latest realtek audio drivers,0,7,0%,68.57
mediavine review,0,7,0%,69.43
photoshop software download,0,7,0%,69.43
adobe photoshop cracked download,0,7,0%,72
download photoshop 2024,0,7,0%,72.14
free adobe photoshop download,0,7,0%,73.86
sound drivers,0,7,0%,73.86
how to download adobe firefly,0,7,0%,74
drivers realtek high definition audio,0,7,0%,75.29
photoshop premiere pro free download,0,7,0%,75.71
after effects free download apk,0,7,0%,76
photo shop ai download,0,7,0%,77.86
photoshop download free for windows 11,0,7,0%,78.43
crack photoshop free,0,7,0%,78.71
after effects download crack,0,7,0%,79.71
gpa calculator weighted,0,7,0%,80
after effects apk download,0,7,0%,82.29
photoshop crack,0,7,0%,84.14
adobe shop free download,0,7,0%,85.43
premiere pro crack download,0,7,0%,85.86
adobe photoshop cc crack download,0,7,0%,86.71
adobe photoshop crack version download,0,7,0%,86.86
photoshop crack version download,0,7,0%,92
adobe photoshop ai download,0,7,0%,92.86
tải minecraft 1.20.81.01,0,6,0%,4.83
after effects 2024 free download r,0,6,0%,7.67
adobe indesign 2025 download free,0,6,0%,8
after effects 23 download,0,6,0%,8.5
premiere pro 2023 download free,0,6,0%,9.83
photoshop cc 2025,0,6,0%,10
photoshop macos torrent,0,6,0%,10
adobe premiere pro 2023 download link,0,6,0%,10.17
download adobe indesign 2025 free,0,6,0%,10.67
after effects 24,0,6,0%,12
after effects 2024 free,0,6,0%,12.17
premiere pro 2023,0,6,0%,13.33
adobe photoshop macos torrent,0,6,0%,13.67
photoshop 2023 full crack,0,6,0%,13.67
illustrator portable online gratis 2023,0,6,0%,14.17
photoshop crackeado 2023,0,6,0%,14.33
premiere 2024 download,0,6,0%,15.83
adobe premiere pro 2024 version,0,6,0%,16.83
latest adobe illustrator cc crack download,0,6,0%,17
adobe lightroom cc 2022 crack,0,6,0%,17.5
baixar photoshop 2023 crackeado,0,6,0%,17.83
photoshop 2023 free download,0,6,0%,18.17
after effects download free 2025,0,6,0%,19.17
getintopc premiere pro 2024,0,6,0%,19.83
photoshop crack mega.nz,0,6,0%,23.33
premiere pro 2024 crack download,0,6,0%,24.33
download adobe after effects 2025,0,6,0%,26.83
adobe premiere pro crack mac windows 10 free,0,6,0%,27.33
download photoshop 2023,0,6,0%,27.5
photoshop crack for mac,0,6,0%,29.17
photoshop 2021 free download,0,6,0%,29.5
adobe premiere pro 2025 torrent,0,6,0%,30
after effects crack indir,0,6,0%,30.33
download photoshop hacked for free on mac,0,6,0%,32.5
adobe after effects free download pc,0,6,0%,35.33
lightroom mac torrent,0,6,0%,35.83
photoshop beta crack,0,6,0%,37.67
adobe pdf crack,0,6,0%,42.67
adobe after effects 7.0 free download,0,6,0%,42.83
adobe animate download gratis,0,6,0%,42.83
adobe photoshop download for windows 11,0,6,0%,48.17
download adobe photoshop 2025,0,6,0%,53.5
free photoshop for mac,0,6,0%,53.5
ae free download,0,6,0%,53.67
photoshop mac os,0,6,0%,54
realtek high definition sound driver,0,6,0%,54.5
lightroom free download for windows 10 64-bit,0,6,0%,55.33
vlc player download,0,6,0%,56
adobe photoshop free download for mac,0,6,0%,56.5
download vlc media player for mac,0,6,0%,57.5
adobe media encoder download,0,6,0%,58.83
vlc media player download for pc,0,6,0%,59.33
adobe illustrator latest version,0,6,0%,59.83
adobe acrobat pro dc free download,0,6,0%,61
after fx free download,0,6,0%,61.17
vlc media player download free download,0,6,0%,62.5